[
    { "id": 1, "name": "Frodo Baggins", "description": "The Ring-bearer, a hobbit of the Shire who is tasked with the mission to destroy the One Ring" },
    { "id": 2, "name": "Samwise Gamgee (Sam)", "description": "Frodo's loyal hobbit friend and companion." },
    { "id": 3, "name": "Meriadoc Brandybuck (Merry)", "description": "A hobbit and cousin of Frodo." },
    { "id": 4, "name": "Peregrin Took (Pippin)", "description": "Another hobbit and cousin of Frodo." },
    { "id": 5, "name": "Aragorn Elessar (Strider)", "description": "A ranger of the North and the rightful heir to the throne of Gondor." },
    { "id": 6, "name": "Gandalf the Grey (Mithrandir)", "description": "A wizard (Istari) who guides and assists the members of the Fellowship." },
    { "id": 7, "name": "Legolas Greenleef", "description": "An elf prince of Mirkwood and a skilled archer." },
    { "id": 8, "name": "Gimli", "description": "A dwarf warrior from the Lonely Mountain." },
    { "id": 8, "name": "Boromir", "description": "A warrior from Gondor, son of Denethor II, and a member of the Fellowship." }
  ]  